i, t, Qdot_volume
0, 0, 0.0
1, 100, 50000.0
2, 200, 50000.0
3, 300, 50000.0
4, 400, 50000.0
5, 500, 50000.0
6, 600, 50000.0
7, 700, 50000.0
8, 800, 50000.0
9, 900, 50000.0
10, 1000, 50000.0
11, 1100, 50000.0
12, 1200, 50000.0
13, 1300, 50000.0
14, 1400, 50000.0
15, 1500, 50000.0
16, 1600, 50000.0
17, 1700, 50000.0
18, 1800, 50000.0
19, 1900, 50000.0
20, 2000, 50000.0
21, 2100, 50000.0
22, 2200, 50000.0
23, 2300, 50000.0
24, 2400, 50000.0
25, 2500, 50000.0
26, 2600, 50000.0
27, 2700, 50000.0
28, 2800, 50000.0
29, 2900, 50000.0
30, 3000, 50000.0
31, 3100, 50000.0
32, 3200, 50000.0
33, 3300, 50000.0
34, 3400, 50000.0
35, 3500, 50000.0
36, 3600, 50000.0
37, 3700, 50000.0
38, 3800, 50000.0
39, 3900, 50000.0
40, 4000, 50000.0
41, 4100, 50000.0
42, 4200, 50000.0
43, 4300, 50000.0
44, 4400, 50000.0
45, 4500, 50000.0
46, 4600, 50000.0
47, 4700, 50000.0
48, 4800, 50000.0
49, 4900, 50000.0
50, 5000, 50000.0
51, 5100, 50000.0
52, 5200, 50000.0
53, 5300, 50000.0
54, 5400, 50000.0
55, 5500, 50000.0
56, 5600, 50000.0
57, 5700, 50000.0
58, 5800, 50000.0
59, 5900, 50000.0
60, 6000, 50000.0
61, 6100, 50000.0
62, 6200, 50000.0
63, 6300, 50000.0
64, 6400, 50000.0
65, 6500, 50000.0
66, 6600, 50000.0
67, 6700, 50000.0
68, 6800, 50000.0
69, 6900, 50000.0
70, 7000, 50000.0
71, 7100, 50000.0
72, 7200, 50000.0
73, 7300, 50000.0
74, 7400, 50000.0
75, 7500, 50000.0
76, 7600, 50000.0
77, 7700, 50000.0
78, 7800, 50000.0
79, 7900, 50000.0
80, 8000, 50000.0
81, 8100, 50000.0
82, 8200, 50000.0
83, 8300, 50000.0
84, 8400, 50000.0
85, 8500, 50000.0
86, 8600, 50000.0
87, 8700, 50000.0
88, 8800, 50000.0
89, 8900, 50000.0
90, 9000, 50000.0
91, 9100, 50000.0
92, 9200, 50000.0
93, 9300, 50000.0
94, 9400, 50000.0
95, 9500, 50000.0
96, 9600, 50000.0
97, 9700, 50000.0
98, 9800, 50000.0
99, 9900, 50000.0
100, 10000, 50000.0
